word,frequency,pos,
AT&T,3,nz,
B超,3,n,
c#,3,nz,
C#,3,nz,
c++,3,nz,
C++,3,nz,
T恤,4,n,
A座,3,n,
CALL机,5,n,
D盘,6,n,
K歌之王,3,n,
一万一千,4,m,
一一列举,34,i,
一一对应 ,43,l,
伽利略,209,nr,
但,110709,c,
位于,14654,v,
,,,
,,,*********说明**********（使用时删掉）
,,,    该示例数据为jieba分词的默认分词字典中的部分数据，word表示词汇，frequency表示词频，pos表示词性；
,,,    第一行为列名，表示该列数据索引名称，名称字符只支持数字、字母、下划线，且最大长度为50字符；
,,,    第二行之后为词汇数据，单个词汇不可为空，最大长度为50字符；
,,,    最多支持5列数据；
,,,    文件编码为utf-8，避免读取错误；
,,,    文件大小不超过10MB，行数不超过350000行；
,,,    请按照从规范要求，上传词库数据；
,,,    此文件为说明文件，具体词汇数据请类似规范即可。使用该模板上传数据时，请删除该部分说明信息。
